measure,control,intervention,test,statistic,p
average_interactions_per_data_point,"[10, 14, 10, 9, 7, 2, 7, 6, 4, 6, 7, 5]","[5, 9, 3, 4, 8, 15, 10, 5, 7, 8, 15, 14]",t-test,-0.87691430605495635,0.39000867932212979
unique_data_point_interactions,"[39, 29, 64, 36, 13, 44, 37, 29, 69, 34, 43, 28]","[65, 27, 63, 37, 36, 35, 68, 54, 44, 17, 17, 37]",t-test,-0.43250646808630383,0.66958344556000315
